"String","String","String","String","String","String","String","String","String","String","String","String","String","String","String","String"
"","","","","","","","","","","","","","","",""
"","","","","","","","","","","","","","","",""
"","","","","","","","","","","","","","","",""
"","","","","","","","","","","","","","","",""
"","","","","","","","","","","","","","","",""
"","","","","","","","","","","","","","","",""
"","","","","","","","","","","","","","","",""
"","","","","","","","","","","","","","","",""
"","","","","","","","","","","","","","","",""
"","","","","","","","","","","","","","","",""
"","","","","","","","","","","","","","","",""
"","","","","","","","","","","","","","","",""
"","","","","","","","","","","","","","","",""
"","","","","","","","","","","","","","","",""
"","","","","","","","","","","","","","","",""
"","","","","","","","","","","","","","","",""
"","","","","","","","","","","","","","","",""
"","","","","","","","","","","","","","","",""
"","","","","","","","","","","","","","","",""
"","","","","","","","","","","","","","","",""
"SystemVoice0101","","","","","","","","","","","","","","",""
"SystemVoice0102","","","","","","","","","","","","","","",""
"SystemVoice0103","","","","","","","","","","","","","","",""
"SystemVoice0103","","","","","","","","","","","","","","",""
"SystemVoice0104","","","","","","","","","","","","","","",""
"SystemVoice0105","","","","","","","","","","","","","","",""
"SystemVoice0106","","","","","","","","","","","","","","",""
"SystemVoice0107","","","","","","","","","","","","","","",""
"SystemVoice0108","","","","","","","","","","","","","","",""
"","","","","","","","","","","","","","","",""
"","","","","","","","","","","","","","","",""
"","","","","","","","","","","","","","","",""
"SystemVoice0112","","","","","","","","","","","","","","",""
"SystemVoice0113","","","","","","","","","","","","","","",""
"SystemVoice0114","","","","","","","","","","","","","","",""
"SystemVoice0115","","","","","","","","","","","","","","",""
"SystemVoice0116","","","","","","","","","","","","","","",""
"","","","","","","","","","","","","","","",""
"","","","","","","","","","","","","","","",""
"","","","","","","","","","","","","","","",""
"SystemVoice0201","","","","","","","","","","","","","","",""
"SystemVoice0202","","","","","","","","","","","","","","",""
"SystemVoice0203","","","","","","","","","","","","","","",""
"SystemVoice0203","","","","","","","","","","","","","","",""
"SystemVoice0204","","","","","","","","","","","","","","",""
"SystemVoice0205","","","","","","","","","","","","","","",""
"SystemVoice0206","","","","","","","","","","","","","","",""
"SystemVoice0207","","","","","","","","","","","","","","",""
"SystemVoice0208","","","","","","","","","","","","","","",""
"","","","","","","","","","","","","","","",""
"","","","","","","","","","","","","","","",""
"","","","","","","","","","","","","","","",""
"SystemVoice0212","","","","","","","","","","","","","","",""
"SystemVoice0213","","","","","","","","","","","","","","",""
"SystemVoice0214","","","","","","","","","","","","","","",""
"SystemVoice0215","","","","","","","","","","","","","","",""
"SystemVoice0216","","","","","","","","","","","","","","",""
"","","","","","","","","","","","","","","",""
"","","","","","","","","","","","","","","",""
"","","","","","","","","","","","","","","",""
"SystemVoice0301","","","","","","","","","","","","","","",""
"SystemVoice0302","","","","","","","","","","","","","","",""
"SystemVoice0303","","","","","","","","","","","","","","",""
"SystemVoice0303","","","","","","","","","","","","","","",""
"SystemVoice0304","","","","","","","","","","","","","","",""
"SystemVoice0305","","","","","","","","","","","","","","",""
"SystemVoice0306","","","","","","","","","","","","","","",""
"SystemVoice0307","","","","","","","","","","","","","","",""
"SystemVoice0308","","","","","","","","","","","","","","",""
"","","","","","","","","","","","","","","",""
"","","","","","","","","","","","","","","",""
"","","","","","","","","","","","","","","",""
"SystemVoice0312","","","","","","","","","","","","","","",""
"SystemVoice0313","","","","","","","","","","","","","","",""
"SystemVoice0314","","","","","","","","","","","","","","",""
"SystemVoice0315","","","","","","","","","","","","","","",""
"SystemVoice0316","","","","","","","","","","","","","","",""
"","","","","","","","","","","","","","","",""
"","","","","","","","","","","","","","","",""
"","","","","","","","","","","","","","","",""
"SystemVoice0401","","","","","","","","","","","","","","",""
"SystemVoice0402","","","","","","","","","","","","","","",""
"SystemVoice0403","","","","","","","","","","","","","","",""
"SystemVoice0403","","","","","","","","","","","","","","",""
"SystemVoice0404","","","","","","","","","","","","","","",""
"SystemVoice0405","","","","","","","","","","","","","","",""
"SystemVoice0406","","","","","","","","","","","","","","",""
"SystemVoice0407","","","","","","","","","","","","","","",""
"SystemVoice0408","","","","","","","","","","","","","","",""
"","","","","","","","","","","","","","","",""
"","","","","","","","","","","","","","","",""
"","","","","","","","","","","","","","","",""
"SystemVoice0412","","","","","","","","","","","","","","",""
"SystemVoice0413","","","","","","","","","","","","","","",""
"SystemVoice0414","","","","","","","","","","","","","","",""
"SystemVoice0415","","","","","","","","","","","","","","",""
"SystemVoice0416","","","","","","","","","","","","","","",""
"","","","","","","","","","","","","","","",""
"","","","","","","","","","","","","","","",""
"","","","","","","","","","","","","","","",""
"","","","","","","","","","","","","","","",""
"","","","","","","","","","","","","","","",""
"","","","","","","","","","","","","","","",""
"","","","","","","","","","","","","","","",""
"","","","","","","","","","","","","","","",""
"","","","","","","","","","","","","","","",""
"","","","","","","","","","","","","","","",""
"","","","","","","","","","","","","","","",""
"","","","","","","","","","","","","","","",""
"","","","","","","","","","","","","","","",""
"","","","","","","","","","","","","","","",""
"","","","","","","","","","","","","","","",""
"","","","","","","","","","","","","","","",""
"","","","","","","","","","","","","","","",""
"","","","","","","","","","","","","","","",""
"","","","","","","","","","","","","","","",""
"","","","","","","","","","","","","","","",""
"","","","","","","","","","","","","","","",""
"","","","","","","","","","","","","","","",""
"","","","","","","","","","","","","","","",""
"","","","","","","","","","","","","","","",""
"","","","","","","","","","","","","","","",""
"","","","","","","","","","","","","","","",""
"","","","","","","","","","","","","","","",""
"","","","","","","","","","","","","","","",""
"","","","","","","","","","","","","","","",""
"","","","","","","","","","","","","","","",""
"","","","","","","","","","","","","","","",""
"","","","","","","","","","","","","","","",""
"","","","","","","","","","","","","","","",""
"","","","","","","","","","","","","","","",""
"","","","","","","","","","","","","","","",""
"","","","","","","","","","","","","","","",""
"","","","","","","","","","","","","","","",""
"","","","","","","","","","","","","","","",""
"","","","","","","","","","","","","","","",""
"","","","","","","","","","","","","","","",""
"","","","","","","","","","","","","","","",""
"","","","","","","","","","","","","","","",""
"","","","","","","","","","","","","","","",""
"SystemVoice0701","","","","","","","","","","","","","","",""
"SystemVoice0702","","","","","","","","","","","","","","",""
"SystemVoice0703","","","","","","","","","","","","","","",""
"SystemVoice0703","","","","","","","","","","","","","","",""
"SystemVoice0704","","","","","","","","","","","","","","",""
"SystemVoice0705","","","","","","","","","","","","","","",""
"SystemVoice0706","","","","","","","","","","","","","","",""
"SystemVoice0707","","","","","","","","","","","","","","",""
"SystemVoice0708","","","","","","","","","","","","","","",""
"","","","","","","","","","","","","","","",""
"","","","","","","","","","","","","","","",""
"","","","","","","","","","","","","","","",""
"SystemVoice0712","","","","","","","","","","","","","","",""
"SystemVoice0713","","","","","","","","","","","","","","",""
"SystemVoice0714","","","","","","","","","","","","","","",""
"SystemVoice0715","","","","","","","","","","","","","","",""
"SystemVoice0716","","","","","","","","","","","","","","",""
"","","","","","","","","","","","","","","",""
"","","","","","","","","","","","","","","",""
"","","","","","","","","","","","","","","",""
